{"metadata":{"asset_id":"10274e0d-9a5b-4655-bbfa-74c900c27034","asset_attributes":["notebook"],"name":"Data Wrangling EDA Lab","asset_type":"notebook","created_at":"2022-08-21T14:08:15Z","description":"EDA Lab data wrangling","origin_country":"us","owner_id":"IBMid-5500088SPH","project_id":"6f7a97f0-07f0-463a-b0fe-250c31a447c3","size":58443,"tags":["notebook"],"usage":{"last_update_time":1661094687857,"last_updated_at":"2022-08-21T15:11:27Z"}},"entity":{"notebook":{"kernel":{"name":"python3","display_name":"Python 3.9","language":"python"},"originates_from":{"type":"blank"},"runtime":{"environment":"conda2rt221-6f7a97f0-07f0-463a-b0fe-250c31a447c3"}},"location_definition":{"physical_location_code":"DAL","physical_location_code_assigned_by":"IBMid-5500088SPH","physical_location_code_rds_id":"c57cb90f-2126-3800-9c9f-9eab82021cdf","physical_location_code_rds_version":"00002022-0819-4150-8757-197109000000_2","physical_location_code_assignment_method":"INFERRED","physical_location_code_added_on":"1661090635738"}},"attachments":[{"id":"4aeb6247-efcf-4e50-b4ae-95c76f976de3","version":2,"asset_type":"notebook","name":"attachment for notebook 10274e0d-9a5b-4655-bbfa-74c900c27034","description":"attachment for notebook 10274e0d-9a5b-4655-bbfa-74c900c27034","mime":"application/json","datasource_type":"193a97c1-4475-4a19-b90c-295c4fdc6517","object_key":"notebook/Data_Wrangling_EDA_Lab_k6_uZ-TwD.ipynb","creator_id":"IBMid-5500088SPH","create_time":1661090896500,"size":58443,"is_remote":false,"is_managed":false,"is_referenced":true,"is_object_key_read_only":false,"is_user_provided_path_key":true,"transfer_complete":true,"is_partitioned":false,"complete_time_ticks":1661090896500,"user_data":{},"test_doc":0,"handle":{"bucket":"datawranglingedalab-donotdelete-pr-aluexjvjrh4cc4","location":"us-geo","key":"notebook/Data_Wrangling_EDA_Lab_k6_uZ-TwD.ipynb","upload_id":"done","max_part_num":1},"usage":{"access_count":18,"last_accessor_id":"IBMid-5500088SPH","last_access_time":1661094324082,"last_updater_id":"IBMid-5500088SPH","last_update_time":1661094324082}}]}
